<?xml version="1.0" encoding="UTF-8"?>
<project-private xmlns="http://www.netbeans.org/ns/project-private/1">
    <editor-bookmarks xmlns="http://www.netbeans.org/ns/editor-bookmarks/2" lastBookmarkId="0"/>
    <open-files xmlns="http://www.netbeans.org/ns/projectui-open-files/2">
        <group>
            <file>file:/C:/Users/Saranya/Documents/NetBeansProjects/TaxiBook/web/Home.jsp</file>
            <file>file:/C:/Users/Saranya/Documents/NetBeansProjects/TaxiBook/src/java/BookTaxi1.java</file>
            <file>file:/C:/Users/Saranya/Documents/NetBeansProjects/TaxiBook/src/java/TaxiHistory2.java</file>
            <file>file:/C:/Users/Saranya/Documents/NetBeansProjects/TaxiBook/src/java/database/TaxiHistory.java</file>
            <file>file:/C:/Users/Saranya/Documents/NetBeansProjects/TaxiBook/web/First.jsp</file>
            <file>file:/C:/Users/Saranya/Documents/NetBeansProjects/TaxiBook/src/java/RestWindow.java</file>
            <file>file:/C:/Users/Saranya/Documents/NetBeansProjects/TaxiBook/src/java/database/CheckBooking.java</file>
            <file>file:/C:/Users/Saranya/Documents/NetBeansProjects/TaxiBook/src/java/UpdateTotalTaxi.java</file>
            <file>file:/C:/Users/Saranya/Documents/NetBeansProjects/TaxiBook/src/java/database/History.java</file>
            <file>file:/C:/Users/Saranya/Documents/NetBeansProjects/TaxiBook/web/pageforward1.jsp</file>
            <file>file:/C:/Users/Saranya/Documents/NetBeansProjects/TaxiBook/src/java/TotalTaxi.java</file>
            <file>file:/C:/Users/Saranya/Documents/NetBeansProjects/TaxiBook/web/TaxiHistory1.jsp</file>
            <file>file:/C:/Users/Saranya/Documents/NetBeansProjects/TaxiBook/web/rest.jsp</file>
            <file>file:/C:/Users/Saranya/Documents/NetBeansProjects/TaxiBook/src/java/database/DBConnect.java</file>
            <file>file:/C:/Users/Saranya/Documents/NetBeansProjects/TaxiBook/web/Customer1.jsp</file>
            <file>file:/C:/Users/Saranya/Documents/NetBeansProjects/TaxiBook/web/back.jsp</file>
        </group>
    </open-files>
</project-private>
